date,totalAssets,totalCurrentAssets,cashAndCashEquivalentsAtCarryingValue,cashAndShortTermInvestments,inventory,currentNetReceivables,totalNonCurrentAssets,propertyPlantEquipment,accumulatedDepreciationAmortizationPPE,intangibleAssets,intangibleAssetsExcludingGoodwill,goodwill,investments,longTermInvestments,shortTermInvestments,otherCurrentAssets,otherNonCurrentAssets,totalLiabilities,totalCurrentLiabilities,currentAccountsPayable,deferredRevenue,currentDebt,shortTermDebt,totalNonCurrentLiabilities,capitalLeaseObligations,longTermDebt,currentLongTermDebt,longTermDebtNoncurrent,shortLongTermDebtTotal,otherCurrentLiabilities,otherNonCurrentLiabilities,totalShareholderEquity,treasuryStock,retainedEarnings,commonStock,commonStockSharesOutstanding,grossProfit,totalRevenue,costOfRevenue,costofGoodsAndServicesSold,operatingIncome,sellingGeneralAndAdministrative,researchAndDevelopment,operatingExpenses,investmentIncomeNet,netInterestIncome,interestIncome,interestExpense,nonInterestIncome,otherNonOperatingIncome,depreciation,depreciationAndAmortization,incomeBeforeTax,incomeTaxExpense,interestAndDebtExpense,netIncomeFromContinuingOperations,comprehensiveIncomeNetOfTax,ebit,ebitda,netIncome,reportedDate,reportedEPS,estimatedEPS,surprise,surprisePercentage
2014-01-26,7250894000,5624711000,1152000000,4671810000,387765000,None,1626183000,582740000,700080000,939191000,296012000,643179000,None,None,3520223000,104252000,104252000,2795894000,945496000,324391000,445307000,None,308110000,1849000000,17500000,1356375000,None,None,1681985000,30590000,475125000,4455000000,2537295000,3504742000,732000,567996734,619242000,1144218000,524976000,524976000,166697000,115975000,336807000,452782000,4156000,-7935000,-443000,7492000,None,5392000,None,54690000,168624000,21707000,7935000,619242000,146046000,176116000,230806000,146917000,,,,,
2014-01-31,,,,,,,,,,,,,,,,,,,,,,,,,,,,,,,,,,,,,,,,,,,,,,,,,,,,,,,,,,,,,2014-02-12,0.006,0.005,0.001,20
2014-04-27,6864663000,5273798000,509000000,4347817000,393280000,None,1590865000,570802000,None,920709000,277530000,643179000,None,None,3838652000,99354000,None,2697678000,897945000,309008000,371837000,None,287927000,1799733000,16683000,1363276000,None,None,1667886000,25299000,419774000,4166985000,2926789000,3594527000,743000,559092000,604000000,1103000000,499000000,498585000,151000000,119000000,334000000,453000000,5710000,-11471000,-471000,11000000,None,17000000,None,55000000,163000000,26000000,11471000,136516000,138000000,174000000,229000000,137000000,,,,,
2014-04-30,,,,,,,,,,,,,,,,,,,,,,,,,,,,,,,,,,,,,,,,,,,,,,,,,,,,,,,,,,,,,2014-05-06,0.006,0.004,0.002,50
2014-07-27,6933719000,5377586000,515000000,4386054000,387434000,None,1556133000,556911000,None,903792000,260613000,643179000,None,None,3870962000,95430000,None,2628933000,868729000,261627000,305767000,None,303369000,1760204000,15842000,1370249000,None,None,1689460000,26700000,374113000,4304786000,3058149000,3675071000,744000,558223000,619000000,1103000000,484000000,483850000,163000000,119000000,337000000,456000000,6829000,-11526000,474000,12000000,None,-3000000,None,56000000,155000000,27000000,11526000,127976000,126000000,167000000,223000000,128000000,,,,,
2014-07-31,,,,,,,,,,,,,,,,,,,,,,,,,,,,,,,,,,,,,,,,,,,,,,,,,,,,,,,,,,,,,2014-08-07,0.006,0.005,0.001,20
2014-10-26,6885869000,5341109000,395000000,4240797000,408081000,None,1544760000,566601000,None,884480000,241301000,643179000,None,None,3846114000,93679000,None,2681276000,933907000,328097000,240829000,None,315049000,1747369000,14977000,1377259000,None,None,1707285000,32126000,355133000,4204593000,3390985000,3801966000,752000,547789000,677000000,1225000000,548000000,548684000,213000000,123000000,340000000,463000000,7422000,-11542000,-542000,11000000,None,0,None,56000000,209000000,36000000,11542000,172967000,178000000,220000000,276000000,173000000,,,,,
2014-10-31,,,,,,,,,,,,,,,,,,,,,,,,,,,,,,,,,,,,,,,,,,,,,,,,,,,,,,,,,,,,,2014-11-06,0.008,0.007,0.001,14.2857
2015-01-25,7201000000,5713000000,497000000,4623339000,483000000,None,1488071000,557000000,622000000,840000000,222000000,618000000,None,None,4126685000,91000000,91000000,2783000000,896000000,293000000,400573000,None,142073000,1887356000,14086000,1384000000,1398000000,None,1540501000,167999000,489000000,4418000000,3395000000,3949000000,1000000,544913000,699000000,1251000000,552000000,550911000,231000000,119000000,349000000,468000000,8129000,-11594000,-594000,11000000,None,0,None,54000000,227000000,34000000,11594000,699603000,192000000,238000000,292000000,193000000,,,,,
2015-01-31,,,,,,,,,,,,,,,,,,,,,,,,,,,,,,,,,,,,,,,,,,,,,,,,,,,,,,,,,,,,,2015-02-11,0.009,0.007,0.002,28.5714
2015-04-26,7291000000,5832000000,464000000,4792000000,438000000,None,1459000000,547000000,None,823000000,205000000,618000000,None,None,4328000000,89000000,None,2735000000,883000000,222000000,42000000,None,136000000,1852000000,13000000,1391000000,None,None,1540000000,148000000,448000000,4556000000,3476000000,4037000000,1000000,549000000,653000000,1151000000,498000000,498000000,176000000,138000000,339000000,477000000,9000000,-12000000,None,12000000,None,-1000000,None,54000000,172000000,38000000,12000000,134000000,135000000,184000000,238000000,134000000,,,,,
2015-04-30,,,,,,,,,,,,,,,,,,,,,,,,,,,,,,,,,,,,,,,,,,,,,,,,,,,,,,,,,,,,,2015-05-07,0.006,0.006,0,0
2015-07-26,6979000000,5608000000,435000000,4505000000,441000000,None,1371000000,497000000,None,808000000,190000000,618000000,None,None,4070000000,66000000,None,2794000000,936000000,277000000,1000000,None,192000000,1858000000,12000000,1399000000,None,None,1603000000,146000000,447000000,4185000000,3765000000,4010000000,1000000,541000000,634000000,1153000000,519000000,519000000,76000000,149000000,320000000,558000000,9000000,-12000000,None,12000000,None,-1000000,None,49000000,72000000,46000000,12000000,26000000,19000000,84000000,133000000,26000000,,,,,
2015-07-31,,,,,,,,,,,,,,,,,,,,,,,,,,,,,,,,,,,,,,,,,,,,,,,,,,,,,,,,,,,,,2015-08-06,0.004,0.003,0.001,33.3333
2015-10-25,7174000000,5834000000,471000000,4728000000,425000000,None,1340000000,477000000,None,790000000,172000000,618000000,None,None,4257000000,73000000,None,2709000000,855000000,295000000,1000000,None,163000000,1854000000,11000000,1406000000,None,None,1580000000,168000000,437000000,4465000000,3912000000,4204000000,1000000,542000000,733000000,1305000000,572000000,571000000,245000000,152000000,329000000,489000000,9000000,-12000000,None,12000000,None,3000000,None,48000000,246000000,-1000000,12000000,246000000,246000000,258000000,306000000,247000000,,,,,
2015-10-31,,,,,,,,,,,,,,,,,,,,,,,,,,,,,,,,,,,,,,,,,,,,,,,,,,,,,,,,,,,,,2015-11-05,0.011,0.006,0.005,83.3333
2016-01-31,7370000000,6053000000,596000000,5037000000,418000000,None,1317000000,466000000,634000000,784000000,166000000,618000000,None,None,4441000000,67000000,67000000,2814000000,2351000000,296000000,366000000,None,1500000000,463000000,10000000,0,1413000000,0,1510000000,320000000,453000000,4469000000,4048000000,4350000000,1000000,539000000,791000000,1401000000,610000000,610000000,252000000,161000000,344000000,539000000,11000000,-12000000,None,12000000,None,3000000,None,46000000,253000000,46000000,12000000,791000000,202000000,265000000,311000000,207000000,2016-02-17,0.009,0.008,0.001,12.5
2016-04-30,,,,,,,,,,,,,,,,,,,,,,,,,,,,,,,,,,,,,,,,,,,,,,,,,,,,,,,,,,,,,2016-05-12,0.008,0.008,0,0
2016-05-01,7108000000,5790000000,547000000,547000000,394000000,None,1318000000,479000000,None,773000000,155000000,618000000,None,None,4207000000,66000000,None,2833000000,2377000000,320000000,None,None,1500000000,456000000,9000000,9000000,1421000000,None,1509000000,286000000,447000000,4196000000,4508000000,4484000000,1000000,537000000,751000000,1305000000,554000000,554000000,245000000,159000000,346000000,506000000,12000000,-12000000,None,12000000,0,-4000000,None,45000000,241000000,33000000,12000000,-33000000,213000000,253000000,298000000,208000000,,,,,
2016-07-31,7461000000,6156000000,426000000,4879000000,521000000,644000000,1241000000,485000000,None,756000000,138000000,618000000,4510000000,None,4453000000,64000000,None,2909000000,2407000000,423000000,1000000,None,1500000000,967000000,8000000,1356000000,1428000000,None,1356000000,305000000,494000000,4480000000,4608000000,4675000000,1000000,534000000,826000000,1428000000,602000000,602000000,317000000,157000000,350000000,509000000,12000000,-12000000,None,12000000,0,0,None,47000000,317000000,56000000,12000000,253000000,263000000,329000000,376000000,261000000,2016-08-11,0.01,0.009,0.001,11.1111
2016-10-30,9612000000,8307000000,1940000000,6671000000,679000000,833000000,1241000000,503000000,None,738000000,120000000,618000000,5371000000,None,4731000000,64000000,None,4243000000,2041000000,523000000,2000000,None,1056000000,404000000,7000000,1982000000,1011000000,None,1982000000,337000000,213000000,5324000000,4783000000,5529000000,1000000,538000000,1183000000,2004000000,821000000,821000000,639000000,171000000,373000000,544000000,14000000,-16000000,None,16000000,-15000000,-16000000,None,48000000,621000000,79000000,31000000,542000000,534000000,637000000,685000000,542000000,,,,,
2016-10-31,,,,,,,,,,,,,,,,,,,,,,,,,,,,,,,,,,,,,,,,,,,,,,,,,,,,,,,,,,,,,2016-11-10,0.021,0.014,0.007,50
2017-01-29,9841000000,8536000000,1766000000,6798000000,794000000,826000000,1305000000,521000000,670000000,722000000,104000000,618000000,5468000000,None,5032000000,62000000,62000000,4048000000,1788000000,485000000,89000000,None,827000000,518000000,6000000,1983000000,796000000,None,1983000000,422000000,277000000,5762000000,5039000000,6108000000,1000000,585000000,1303000000,2173000000,870000000,870000000,733000000,176000000,394000000,570000000,17000000,-19000000,None,19000000,-1000000,-6000000,None,47000000,726000000,71000000,25000000,1303000000,643000000,745000000,792000000,655000000,,,,,
2017-01-31,,,,,,,,,,,,,,,,,,,,,,,,,,,,,,,,,,,,,,,,,,,,,,,,,,,,,,,,,,,,,2017-02-09,0.025,0.021,0.004,19.0476
2017-04-30,9410000000,8116000000,1989000000,6206000000,821000000,976000000,1247000000,539000000,None,708000000,90000000,618000000,4217000000,None,4217000000,47000000,None,3271000000,983000000,348000000,5000000,None,222000000,572000000,4000000,1984000000,215000000,None,1984000000,374000000,300000000,6132000000,5297000000,6506000000,1000000,592000000,1150000000,1937000000,787000000,787000000,554000000,185000000,411000000,596000000,16000000,-16000000,None,16000000,-14000000,-18000000,None,47000000,536000000,29000000,30000000,507000000,510000000,552000000,599000000,507000000,2017-05-09,0.02,0.016,0.004,25
2017-07-30,9402000000,8070000000,1988000000,5877000000,855000000,1213000000,1272000000,578000000,None,694000000,76000000,618000000,3889000000,None,3889000000,60000000,None,3427000000,1032000000,431000000,6000000,None,86000000,798000000,3000000,1984000000,2076000000,None,1984000000,443000000,408000000,5973000000,6070000000,7006000000,1000000,597000000,1302000000,2230000000,928000000,928000000,688000000,198000000,416000000,614000000,15000000,-15000000,None,15000000,-3000000,-4000000,None,49000000,684000000,101000000,18000000,583000000,586000000,699000000,748000000,583000000,,,,,
2017-07-31,,,,,,,,,,,,,,,,,,,,,,,,,,,,,,,,,,,,,,,,,,,,,,,,,,,,,,,,,,,,,2017-08-10,0.023,0.017,0.006,35.2941
2017-10-29,9830000000,8479000000,2802000000,6320000000,857000000,1167000000,1281000000,600000000,None,681000000,63000000,618000000,3518000000,None,3518000000,70000000,None,3477000000,1027000000,511000000,10000000,None,24000000,908000000,1000000,1985000000,23000000,None,1985000000,428000000,464000000,6352000000,6614000000,7760000000,1000000,603000000,1569000000,2636000000,1067000000,1067000000,895000000,212000000,462000000,674000000,17000000,-15000000,None,15000000,-1000000,-1000000,None,50000000,896000000,58000000,16000000,838000000,836000000,911000000,961000000,838000000,,,,,
2017-10-31,,,,,,,,,,,,,,,,,,,,,,,,,,,,,,,,,,,,,,,,,,,,,,,,,,,,,,,,,,,,,2017-11-09,0.033,0.024,0.009,37.5
2018-01-28,11241000000,9255000000,4002000000,7108000000,796000000,1265000000,1986000000,997000000,740000000,670000000,52000000,618000000,3106000000,None,3106000000,319000000,319000000,3770000000,1153000000,596000000,63000000,None,15000000,1245000000,None,1985000000,15000000,None,1985000000,489000000,632000000,7471000000,6650000000,8787000000,1000000,606000000,1801000000,2911000000,1110000000,1110000000,1073000000,221000000,507000000,728000000,21000000,-15000000,None,15000000,2911000000,0,None,54000000,1078000000,-40000000,15000000,1801000000,1114000000,1093000000,1147000000,1118000000,,,,,
2018-01-31,,,,,,,,,,,,,,,,,,,,,,,,,,,,,,,,,,,,,,,,,,,,,,,,,,,,,,,,,,,,,2018-02-08,0.039,0.029,0.01,34.4828
2018-04-29,11460000000,9448000000,765000000,7300000000,797000000,1220000000,1739000000,1066000000,None,673000000,55000000,618000000,6535000000,None,6535000000,273000000,None,3743000000,1106000000,623000000,74000000,None,14000000,1287000000,None,1986000000,14000000,None,1986000000,413000000,651000000,7717000000,7755000000,9948000000,1000000,606000000,2068000000,3207000000,1139000000,1139000000,1295000000,231000000,542000000,773000000,25000000,-15000000,None,15000000,0,6000000,None,57000000,1311000000,67000000,15000000,1244000000,1239000000,1326000000,1383000000,1244000000,,,,,
2018-04-30,,,,,,,,,,,,,,,,,,,,,,,,,,,,,,,,,,,,,,,,,,,,,,,,,,,,,,,,,,,,,2018-05-10,0.051,0.04,0.011,27.5
2018-07-29,12882000000,10831000000,718000000,7943000000,1090000000,1662000000,1831000000,1162000000,None,669000000,51000000,618000000,7225000000,None,7225000000,220000000,None,4087000000,1462000000,800000000,27000000,None,0,1241000000,None,1987000000,14000000,None,1987000000,571000000,638000000,8795000000,7821000000,10957000000,1000000,607000000,1975000000,3123000000,1148000000,1148000000,1157000000,237000000,581000000,818000000,32000000,-14000000,None,14000000,3123000000,5000000,None,58000000,1180000000,79000000,14000000,1101000000,1101000000,1194000000,1252000000,1101000000,,,,,
2018-07-31,,,,,,,,,,,,,,,,,,,,,,,,,,,,,,,,,,,,,,,,,,,,,,,,,,,,,,,,,,,,,2018-08-16,0.049,0.044,0.005,11.3636
2018-10-28,13657000000,11386000000,721000000,7591000000,1417000000,2219000000,1959000000,1292000000,None,667000000,49000000,618000000,6870000000,None,6870000000,312000000,None,4182000000,1608000000,902000000,40000000,None,0,1132000000,None,1987000000,3000000,None,1987000000,623000000,587000000,9475000000,8489000000,12096000000,1000000,609000000,1921000000,3181000000,1260000000,1260000000,1058000000,258000000,605000000,863000000,37000000,-15000000,None,15000000,3181000000,1000000,None,68000000,1081000000,-149000000,15000000,1230000000,1229000000,1096000000,1164000000,1230000000,,,,,
2018-10-31,,,,,,,,,,,,,,,,,,,,,,,,,,,,,,,,,,,,,,,,,,,,,,,,,,,,,,,,,,,,,2018-11-15,0.046,0.047,-0.001,-2.1277
2019-01-27,13292000000,10557000000,782000000,7422000000,1575000000,1424000000,2735000000,1404000000,767000000,663000000,45000000,618000000,13964000000,None,6640000000,108000000,108000000,3950000000,1329000000,511000000,138000000,None,0,1233000000,None,1988000000,None,None,1988000000,61000000,633000000,9342000000,9263000000,12565000000,1000000,606000000,1207000000,2205000000,998000000,998000000,294000000,266000000,647000000,913000000,42000000,-14000000,None,14000000,2205000000,2000000,None,78000000,325000000,-242000000,14000000,1207000000,578000000,339000000,417000000,567000000,,,,,
2019-01-31,,,,,,,,,,,,,,,,,,,,,,,,,,,,,,,,,,,,,,,,,,,,,,,,,,,,,,,,,,,,,2019-02-14,0.02,0.019,0.001,5.2632
2019-04-28,14021000000,10629000000,2772000000,7802000000,1426000000,1242000000,2746000000,1473000000,None,672000000,54000000,618000000,12721000000,None,5030000000,110000000,None,4317000000,1183000000,368000000,134000000,None,0,1205000000,566000000,1988000000,80000000,None,1988000000,650000000,660000000,9704000000,9474000000,12862000000,1000000,607000000,1296000000,2220000000,924000000,924000000,358000000,264000000,674000000,938000000,44000000,-13000000,44000000,13000000,2220000000,0,None,91000000,389000000,-5000000,13000000,394000000,404000000,402000000,493000000,394000000,,,,,
2019-04-30,,,,,,,,,,,,,,,,,,,,,,,,,,,,,,,,,,,,,,,,,,,,,,,,,,,,,,,,,,,,,2019-05-16,0.022,0.02,0.002,10
2019-07-28,14775000000,11391000000,7105000000,8475000000,1204000000,1561000000,2686000000,1484000000,None,667000000,49000000,618000000,9742000000,None,1370000000,110000000,None,4439000000,1317000000,437000000,362000000,84000000,0,1733000000,567000000,1989000000,None,None,1989000000,669000000,650000000,10336000000,9524000000,13317000000,1000000,609000000,1541000000,2579000000,1038000000,1038000000,571000000,266000000,704000000,970000000,47000000,-13000000,47000000,13000000,2579000000,1000000,None,92000000,606000000,54000000,13000000,552000000,553000000,619000000,711000000,552000000,,,,,
2019-07-31,,,,,,,,,,,,,,,,,,,,,,,,,,,,,,,,,,,,,,,,,,,,,,,,,,,,,,,,,,,,,2019-08-15,0.031,0.029,0.002,6.8966
2019-10-27,15810000000,12420000000,9765000000,9769000000,1047000000,1455000000,2705000000,1517000000,None,661000000,43000000,618000000,9661000000,None,4000000,149000000,None,4596000000,1475000000,591000000,352000000,89000000,0,1746000000,558000000,1990000000,None,None,1990000000,676000000,662000000,11214000000,9726000000,14118000000,1000000,610000000,1916000000,3014000000,1098000000,1098000000,927000000,277000000,712000000,989000000,45000000,-13000000,45000000,13000000,3014000000,0,None,92000000,959000000,60000000,13000000,899000000,897000000,972000000,1064000000,899000000,,,,,
2019-10-31,,,,,,,,,,,,,,,,,,,,,,,,,,,,,,,,,,,,,,,,,,,,,,,,,,,,,,,,,,,,,2019-11-14,0.045,0.039,0.006,15.3846
2020-01-26,17315000000,13690000000,10896000000,10897000000,979000000,1657000000,3077000000,1674000000,1011000000,667000000,49000000,618000000,10782000000,None,1000000,157000000,118000000,5111000000,1784000000,687000000,402000000,0,0,1975000000,652000000,1991000000,0,1991000000,1991000000,865000000,775000000,12204000000,9814000000,14971000000,1000000,612000000,2015000000,3105000000,1090000000,1090000000,990000000,287000000,738000000,1025000000,41000000,-13000000,41000000,13000000,3105000000,-2000000,None,106000000,1015000000,65000000,13000000,2015000000,955000000,1028000000,1134000000,950000000,,,,,
2020-01-31,,,,,,,,,,,,,,,,,,,,,,,,,,,,,,,,,,,,,,,,,,,,,,,,,,,,,,,,,,,,,2020-02-13,0.0473,1.67,-1.6227,-97.1677
2020-04-26,23254000000,19584000000,15494000000,16354000000,1128000000,1907000000,3551000000,1715000000,None,708000000,80000000,628000000,17059000000,None,860000000,195000000,None,10155000000,1903000000,761000000,482000000,100000000,0,1950000000,619000000,6959000000,None,None,6959000000,868000000,774000000,13099000000,10036000000,15790000000,1000000,614000000,2004000000,3080000000,1076000000,1076000000,976000000,293000000,735000000,1028000000,31000000,-25000000,31000000,25000000,None,-1000000,None,107000000,981000000,64000000,25000000,917000000,906000000,1006000000,1113000000,917000000,,,,,
2020-04-30,,,,,,,,,,,,,,,,,,,,,,,,,,,,,,,,,,,,,,,,,,,,,,,,,,,,,,,,,,,,,2020-05-21,0.045,0.042,0.003,7.1429
2020-07-26,25180000000,14681000000,3274000000,10981000000,1401000000,2084000000,10342000000,1964000000,None,7047000000,2854000000,4193000000,18464000000,None,7707000000,215000000,None,11266000000,2410000000,893000000,684000000,None,0,3049000000,735000000,6960000000,None,None,6960000000,1171000000,1285000000,13914000000,10232000000,16313000000,1000000,616000000,2275000000,3866000000,1591000000,1591000000,651000000,627000000,997000000,1624000000,13000000,-54000000,13000000,54000000,None,-1000000,None,404000000,609000000,-13000000,54000000,622000000,636000000,663000000,1067000000,622000000,,,,,
2020-07-31,,,,,,,,,,,,,,,,,,,,,,,,,,,,,,,,,,,,,,,,,,,,,,,,,,,,,,,,,,,,,2020-08-19,0.055,0.049,0.006,12.2449
2020-10-25,26881000000,14393000000,2251000000,10139000000,1495000000,2546000000,12594000000,2059000000,None,7054000000,2861000000,4193000000,17890000000,106000000,7888000000,213000000,2028000000,11547000000,3669000000,1097000000,764000000,998000000,0,9070000000,720000000,6961000000,998000000,5963000000,6961000000,1339000000,1311000000,15334000000,10530000000,17550000000,1000000,618000000,2960000000,4726000000,1766000000,1766000000,1398000000,515000000,1047000000,1562000000,7000000,-53000000,7000000,53000000,None,-4000000,None,299000000,1348000000,12000000,53000000,1336000000,1344000000,1401000000,1700000000,1336000000,,,,,
2020-10-31,,,,,,,,,,,,,,,,,,,,,,,,,,,,,,,,,,,,,,,,,,,,,,,,,,,,,,,,,,,,,2020-11-18,0.073,0.064,0.009,14.0625
2021-01-31,28791000000,16055000000,847000000,11561000000,1826000000,2429000000,12880000000,2149000000,1408000000,6927000000,2737000000,4190000000,22209000000,144000000,10714000000,97000000,2144000000,11898000000,3925000000,1149000000,902000000,999000000,0,9246000000,634000000,6963000000,999000000,5964000000,6963000000,1437000000,1375000000,16893000000,10756000000,18908000000,3000000,620000000,3156000000,5003000000,1847000000,1846000000,1507000000,503000000,1146000000,1649000000,7000000,-53000000,6000000,53000000,None,9000000,None,288000000,1470000000,13000000,53000000,1457000000,1464000000,1523000000,1811000000,1457000000,2021-02-24,0.0775,2.81,-2.7325,-97.242
2021-04-30,,,,,,,,,,,,,,,,,,,,,,,,,,,,,,,,,,,,,,,,,,,,,,,,,,,,,,,,,,,,,2021-05-26,0.0915,0.0822,0.0093,11.3139
2021-05-02,30796000000,18127000000,978000000,978000000,1992000000,None,12669000000,2268000000,None,6806000000,2613000000,4193000000,None,146000000,11689000000,132000000,2090000000,12022000000,4004000000,1218000000,506000000,999000000,1134000000,8018000000,775000000,6963000000,999000000,5964000000,7738000000,1319000000,1414000000,18774000000,11242000000,20721000000,1000000,621000000,3629000000,5661000000,2032000000,2032000000,1956000000,520000000,1153000000,1673000000,6000000,-53000000,6000000,53000000,None,135000000,None,281000000,2044000000,132000000,53000000,1912000000,1907000000,2097000000,2378000000,1912000000,,,,,
2021-07-31,,,,,,,,,,,,,,,,,,,,,,,,,,,,,,,,,,,,,,,,,,,,,,,,,,,,,,,,,,,,,2021-08-18,0.104,0.102,0.002,1.9608
2021-08-01,38650000000,25806000000,5628000000,5628000000,2114000000,None,12844000000,2364000000,None,6671000000,2478000000,4193000000,None,147000000,14026000000,129000000,2050000000,17503000000,4448000000,1474000000,490000000,1000000000,1000000000,13055000000,716000000,11943000000,1000000000,10943000000,12659000000,1673000000,1396000000,21147000000,11604000000,22995000000,3000000,2493000000,4215000000,6507000000,2292000000,2292000000,2444000000,526000000,1245000000,1771000000,6000000,-60000000,6000000,60000000,None,4000000,None,286000000,2394000000,20000000,60000000,252000000,2368000000,2454000000,2740000000,2374000000,,,,,
2021-10-31,40632000000,25806000000,1288000000,19298000000,2233000000,3954000000,15134000000,2509000000,None,6756000000,2454000000,4302000000,37357000000,308000000,18010000000,321000000,3761000000,16834000000,3612000000,1664000000,978000000,0,0,14727000000,743000000,10944000000,0,10944000000,10944000000,1510000000,1535000000,23798000000,12038000000,25359000000,3000000,2499000000,4631000000,7103000000,2472000000,2472000000,2671000000,557000000,1403000000,1960000000,7000000,-62000000,7000000,62000000,None,22000000,None,143000000,2638000000,174000000,62000000,2464000000,2465000000,2700000000,2843000000,2464000000,2021-11-17,0.117,0.111,0.006,5.4054
2022-01-30,44187000000,28829000000,1990000000,21208000000,2605000000,4650000000,15624000000,2778000000,1903000000,6688000000,2339000000,4349000000,40397000000,266000000,19218000000,366000000,3841000000,17575000000,4335000000,1783000000,1004000000,0,0,14667000000,741000000,10946000000,0,10946000000,10946000000,843000000,1553000000,26612000000,0,16235000000,3000000,2506000000,4999000000,7643000000,2644000000,2644000000,2970000000,563000000,1466000000,2029000000,9000000,-61000000,9000000,61000000,None,-53000000,None,145000000,2865000000,-138000000,61000000,3003000000,2983000000,2926000000,3071000000,3003000000,,,,,
2022-01-31,,,,,,,,,,,,,,,,,,,,,,,,,,,,,,,,,,,,,,,,,,,,,,,,,,,,,,,,,,,,,2022-02-16,0.132,0.123,0.009,7.3171
2022-04-30,,,,,,,,,,,,,,,,,,,,,,,,,,,,,,,,,,,,,,,,,,,,,,,,,,,,,,,,,,,,,2022-05-25,0.136,0.13,0.006,4.6154
2022-05-01,45212000000,29575000000,3887000000,3887000000,3163000000,None,15637000000,2916000000,None,6576000000,2211000000,4365000000,None,285000000,16451000000,636000000,3505000000,18892000000,5562000000,1999000000,537000000,None,None,13330000000,752000000,10947000000,None,10947000000,11699000000,3229000000,1631000000,26320000000,None,15758000000,3000000,2506000000,5431000000,8288000000,2857000000,2857000000,1868000000,592000000,1618000000,3563000000,18000000,-68000000,18000000,68000000,None,-13000000,None,155000000,1805000000,187000000,68000000,1618000000,1565000000,1873000000,2028000000,1618000000,,,,,
2022-07-31,43476000000,27418000000,3013000000,17037000000,3889000000,5317000000,16365000000,3233000000,None,6408000000,2036000000,4372000000,30922000000,307000000,14024000000,1175000000,3340000000,19625000000,7573000000,2421000000,1120000000,1249000000,0,13527000000,743000000,10949000000,1249000000,9700000000,10949000000,3544000000,1609000000,23851000000,None,12971000000,2000000,2495000000,2915000000,6704000000,3789000000,570000000,499000000,592000000,1824000000,2416000000,46000000,-65000000,46000000,65000000,None,-5000000,None,182000000,475000000,-181000000,65000000,656000000,630000000,540000000,722000000,656000000,2022-08-24,0.051,0.0499,0.0011,2.2044
2022-10-30,40488000000,23223000000,2800000000,13143000000,4454000000,4908000000,17579000000,3774000000,None,6222000000,1850000000,4372000000,23489000000,314000000,10343000000,718000000,3580000000,19139000000,6855000000,1491000000,1102000000,1249000000,0,13800000000,798000000,10950000000,1249000000,9701000000,10950000000,3777000000,1785000000,21349000000,None,9905000000,2000000,2483000000,3177000000,5931000000,2754000000,354000000,601000000,631000000,1945000000,2576000000,88000000,-65000000,88000000,65000000,None,-11000000,None,181000000,613000000,-67000000,65000000,680000000,647000000,678000000,859000000,680000000,,,,,
2022-10-31,,,,,,,,,,,,,,,,,,,,,,,,,,,,,,,,,,,,,,,,,,,,,,,,,,,,,,,,,,,,,2022-11-16,0.058,0.071,-0.013,-18.3099
2023-01-29,41182000000,23073000000,3389000000,13296000000,5159000000,3827000000,18408000000,3807000000,2694000000,6048000000,1676000000,4400000000,23261000000,299000000,9907000000,791000000,3820000000,19081000000,6563000000,1193000000,1144000000,1250000000,0,14187000000,902000000,10953000000,1250000000,9703000000,10953000000,3766000000,1913000000,22101000000,None,10171000000,2000000,2466000000,3833000000,6051000000,2218000000,2218000000,1256000000,625000000,1952000000,2577000000,115000000,-64000000,115000000,64000000,None,-19000000,None,556000000,1288000000,-126000000,64000000,1414000000,1494000000,1352000000,1908000000,1414000000,,,,,
2023-01-31,,,,,,,,,,,,,,,,,,,,,,,,,,,,,,,,,,,,,,,,,,,,,,,,,,,,,,,,,,,,,2023-02-22,0.088,0.081,0.007,8.642
2023-04-30,44460000000,24883000000,5079000000,15320000000,4611000000,4080000000,20082000000,3740000000,None,5971000000,1541000000,4430000000,25817000000,505000000,10241000000,872000000,4204000000,19940000000,7260000000,1141000000,1194000000,1250000000,0,14500000000,939000000,10954000000,1250000000,9704000000,10954000000,4315000000,2037000000,24520000000,None,12115000000,2000000,2470000000,4648000000,7192000000,2544000000,105000000,2140000000,633000000,1875000000,2508000000,150000000,-66000000,150000000,66000000,None,-15000000,None,181000000,2209000000,166000000,66000000,2043000000,2036000000,2275000000,2456000000,2043000000,2023-05-24,0.109,0.092,0.017,18.4783
2023-07-30,49555000000,28797000000,5783000000,16023000000,4319000000,7066000000,21558000000,3799000000,None,5825000000,1395000000,4430000000,26888000000,800000000,10240000000,1389000000,4501000000,22054000000,10334000000,1929000000,1458000000,1249000000,1457000000,13751000000,1041000000,9705000000,1249000000,8456000000,9705000000,6527000000,2223000000,27501000000,None,14921000000,2000000,2473000000,9462000000,13507000000,4045000000,343000000,6800000000,622000000,2040000000,2662000000,187000000,-65000000,187000000,65000000,None,59000000,None,146000000,6981000000,793000000,65000000,6188000000,6187000000,7046000000,7192000000,6188000000,,,,,
2023-07-31,,,,,,,,,,,,,,,,,,,,,,,,,,,,,,,,,,,,,,,,,,,,,,,,,,,,,,,,,,,,,2023-08-23,0.27,0.207,0.063,30.4348
2023-10-29,54148000000,32658000000,5519000000,18281000000,4779000000,8309000000,22662000000,3844000000,None,5681000000,1251000000,4430000000,31998000000,1172000000,12762000000,1289000000,4667000000,20883000000,9101000000,2380000000,1876000000,1249000000,1479000000,13837000000,1321000000,9706000000,1249000000,8457000000,9706000000,4729000000,2234000000,33265000000,None,20360000000,2000000,2468000000,13400000000,18120000000,4720000000,208000000,10417000000,689000000,2294000000,2983000000,234000000,-63000000,234000000,63000000,None,-66000000,None,144000000,10523000000,1280000000,63000000,9242000000,9206000000,10586000000,10730000000,9243000000,,,,,
2023-10-31,,,,,,,,,,,,,,,,,,,,,,,,,,,,,,,,,,,,,,,,,,,,,,,,,,,,,,,,,,,,,2023-11-21,0.402,0.336,0.066,19.6429
2024-01-28,65728000000,44345000000,7280000000,25984000000,5282000000,9999000000,22899000000,3914000000,3509000000,5512000000,1112000000,4430000000,45974000000,1546000000,18704000000,3080000000,4500000000,22750000000,10631000000,2699000000,2674000000,1250000000,0,14515000000,1347000000,9709000000,1250000000,8459000000,9709000000,5690000000,2541000000,42978000000,None,29817000000,2000000,2464000000,16791000000,22103000000,5312000000,118000000,13614000000,712000000,2465000000,3177000000,294000000,-63000000,294000000,63000000,None,261000000,None,143000000,14106000000,1821000000,63000000,12285000000,12400000000,14169000000,14312000000,12285000000,,,,,
2024-01-31,,,,,,,,,,,,,,,,,,,,,,,,,,,,,,,,,,,,,,,,,,,,,,,,,,,,,,,,,,,,,2024-02-21,0.516,0.461,0.055,11.9306
2024-04-28,77072000000,53729000000,7587000000,31438000000,5864000000,12365000000,25093000000,4006000000,None,5439000000,986000000,4453000000,56703000000,1750000000,23851000000,4062000000,4568000000,27930000000,15223000000,2715000000,3098000000,1250000000,1250000000,15547000000,1527000000,9710000000,1250000000,8460000000,9710000000,10413000000,2966000000,49142000000,None,36598000000,2000000,2462000000,20406000000,26044000000,5638000000,210000000,16909000000,777000000,2720000000,3497000000,359000000,-64000000,359000000,64000000,None,75000000,None,143000000,17279000000,2398000000,64000000,14881000000,14745000000,17343000000,17486000000,14881000000,,,,,
2024-04-30,,,,,,,,,,,,,,,,,,,,,,,,,,,,,,,,,,,,,,,,,,,,,,,,,,,,,,,,,,,,,2024-05-22,0.612,0.559,0.053,9.4812
